<?xml version="1.0" encoding="UTF-8"?>
<project-private xmlns="http://www.netbeans.org/ns/project-private/1">
    <editor-bookmarks xmlns="http://www.netbeans.org/ns/editor-bookmarks/2" lastBookmarkId="0"/>
    <open-files xmlns="http://www.netbeans.org/ns/projectui-open-files/2">
        <group>
            <file>file:/Users/likendero/github/entornosGraficos/Reportes_JavierGonzalezRives/src/reportes/informe1.jrxml</file>
            <file>file:/Users/likendero/github/entornosGraficos/Reportes_JavierGonzalezRives/src/modelo/BaseCoches.java</file>
            <file>file:/Users/likendero/github/entornosGraficos/Reportes_JavierGonzalezRives/src/control/ControlPrincipal.java</file>
            <file>file:/Users/likendero/github/entornosGraficos/Reportes_JavierGonzalezRives/src/vista/AboutDialiog.java</file>
            <file>file:/Users/likendero/github/entornosGraficos/Reportes_JavierGonzalezRives/src/vista/VentanaPrincipal.java</file>
            <file>file:/Users/likendero/github/entornosGraficos/Reportes_JavierGonzalezRives/src/main/main.java</file>
            <file>file:/Users/likendero/github/entornosGraficos/Reportes_JavierGonzalezRives/src/reportes/informe2.jrxml</file>
            <file>file:/Users/likendero/github/entornosGraficos/Reportes_JavierGonzalezRives/src/reportes/informe3.jrxml</file>
            <file>file:/Users/likendero/github/entornosGraficos/Reportes_JavierGonzalezRives/src/ScriptTarea05DI_1718-modificado.sql</file>
            <file>file:/Users/likendero/github/entornosGraficos/Reportes_JavierGonzalezRives/src/control/ControlInformes.java</file>
            <file>file:/Users/likendero/github/entornosGraficos/Reportes_JavierGonzalezRives/src/reportes/informe4.jrxml</file>
        </group>
    </open-files>
</project-private>
