<?xml version="1.0" encoding="UTF-8"?>
<project-private xmlns="http://www.netbeans.org/ns/project-private/1">
    <editor-bookmarks xmlns="http://www.netbeans.org/ns/editor-bookmarks/2" lastBookmarkId="0"/>
    <open-files xmlns="http://www.netbeans.org/ns/projectui-open-files/2">
        <group>
            <file>file:/Users/likendero/github/DI_T04_03_Javier_GonzalezRives/grubPatatasJavierGonzalezRives/src/model/BasePatata.java</file>
            <file>file:/Users/likendero/github/DI_T04_03_Javier_GonzalezRives/grubPatatasJavierGonzalezRives/src/main/Main.java</file>
            <file>file:/Users/likendero/github/DI_T04_03_Javier_GonzalezRives/grubPatatasJavierGonzalezRives/src/model/Patata.java</file>
            <file>file:/Users/likendero/github/DI_T04_03_Javier_GonzalezRives/grubPatatasJavierGonzalezRives/src/control/Acciones.java</file>
            <file>file:/Users/likendero/github/DI_T04_03_Javier_GonzalezRives/grubPatatasJavierGonzalezRives/src/model/Conexion.java</file>
        </group>
    </open-files>
</project-private>
